f1,f2,f3,f4,f5,f6,f7,f8,f9,f10,f11,f12,f13,f14,f15,f16,f17,f18,f19,f20,f21,f22,f23,f24,f25,f26,f27,f28,f29,f30,f31,f32,f33,f34,f35,f36,classify
0,6,0,2,1,0,1,1,1,0,0,1,1,0,2,2,0,0,0,1,1,3,1,1,1,0,0,0,0,4,0,0,0,0,0,0,1
0,4,0,2,1,0,2,0,2,1,1,1,1,0,2,2,0,0,0,1,0,3,1,1,1,0,0,0,0,4,0,0,0,0,0,0,1
0,3,0,2,1,0,1,0,2,1,2,1,1,0,2,2,0,0,0,1,0,3,0,1,1,0,0,0,0,4,0,0,0,0,0,0,1
0,3,0,2,1,0,1,0,2,0,1,1,1,0,2,2,0,0,0,1,0,3,0,1,1,0,0,0,0,4,0,0,0,0,0,0,1
0,6,0,2,1,0,2,0,1,0,2,1,1,0,2,2,0,0,0,1,0,3,1,1,1,0,0,0,0,4,0,0,0,0,0,0,1
0,5,0,2,1,0,3,0,1,0,1,1,1,0,2,2,0,0,0,1,0,3,0,1,1,0,0,0,0,4,0,0,0,0,0,0,1
0,5,0,2,1,0,2,0,1,1,0,1,1,0,2,2,0,0,0,1,1,3,1,1,1,0,0,0,0,4,0,0,0,0,0,0,1
0,4,0,2,1,1,1,0,1,0,2,1,1,0,2,2,0,0,0,1,0,3,1,1,1,0,0,0,0,4,0,0,0,0,0,0,1
0,6,0,2,1,0,3,0,1,1,1,1,1,0,2,2,0,0,0,1,0,3,1,1,1,0,0,0,0,4,0,0,0,0,0,0,1
0,4,0,2,1,0,2,0,2,0,2,1,1,0,2,2,0,0,0,1,0,3,1,1,1,0,0,0,0,4,0,0,0,0,0,0,1
0,6,0,0,2,0,1,3,1,1,0,1,1,0,2,2,0,0,0,1,0,0,3,0,0,0,2,1,0,4,0,0,0,0,0,0,2
0,4,0,0,1,1,1,3,1,1,1,1,1,0,2,2,0,0,0,1,1,0,3,0,0,0,2,1,0,4,0,0,0,0,0,0,2
0,3,0,0,1,0,1,2,1,0,0,1,1,0,2,2,0,0,0,1,0,0,3,0,0,0,2,1,0,4,0,0,0,0,0,0,2
0,6,0,0,1,1,3,3,1,1,0,1,1,0,2,2,0,0,0,1,0,0,3,0,0,0,2,1,0,4,0,0,0,0,0,0,2
0,6,0,0,2,0,1,3,1,1,1,1,1,0,2,2,0,0,0,1,0,0,3,0,0,0,2,1,0,4,0,0,0,0,0,0,2
0,5,0,0,2,1,3,3,1,1,2,1,1,0,2,2,0,0,0,1,0,0,3,0,0,0,2,1,0,4,0,0,0,0,0,0,2
0,6,0,0,2,1,0,2,1,0,0,1,1,0,2,2,0,0,0,1,1,0,3,0,0,0,2,1,0,4,0,0,0,0,0,0,2
0,4,0,0,1,0,2,2,1,0,1,1,1,0,2,2,0,0,0,1,0,0,3,0,0,0,2,1,0,4,0,0,0,0,0,0,2
0,3,0,0,2,0,2,2,1,0,2,1,1,0,2,2,0,0,0,1,0,0,3,0,0,0,2,1,0,4,0,0,0,0,0,0,2
0,5,0,0,2,1,2,2,1,0,2,1,1,0,2,2,0,0,0,1,0,0,3,0,0,0,2,1,0,4,0,0,0,0,0,0,2
0,1,1,2,0,0,2,1,2,0,2,1,0,0,2,2,0,0,0,1,0,1,1,0,1,1,0,0,3,4,0,0,0,0,0,0,3
0,1,1,2,0,0,1,1,2,0,1,1,0,0,2,2,0,0,0,1,0,1,1,0,1,0,0,0,3,4,0,0,0,0,0,0,3
0,3,0,2,0,1,3,1,2,0,1,1,0,0,2,2,0,0,0,1,1,1,1,0,1,1,0,0,3,4,0,0,0,0,0,0,3
0,0,1,2,0,0,0,1,1,1,2,1,0,0,2,2,0,0,0,1,0,1,1,0,1,0,0,0,3,4,0,0,0,0,0,0,3
0,0,1,2,0,0,1,1,2,1,2,1,0,0,2,2,0,0,0,1,0,1,1,0,1,0,0,0,3,4,0,0,0,0,0,0,3
0,1,1,2,0,0,3,1,2,0,2,1,0,0,2,2,0,0,0,1,0,1,1,0,1,0,0,0,3,4,0,0,0,0,0,0,3
0,1,1,2,0,0,0,1,1,0,1,1,0,0,2,2,0,0,0,1,0,1,1,0,1,0,0,0,3,4,0,0,0,0,0,0,3
0,2,1,2,0,0,2,1,1,0,1,1,0,0,2,2,0,0,0,1,0,1,1,0,1,0,0,0,3,4,0,0,0,0,0,0,3
0,1,1,2,0,0,1,1,2,0,2,1,0,0,2,2,0,0,0,1,0,1,1,0,1,0,0,0,3,4,0,0,0,0,0,0,3
0,2,1,2,0,0,1,1,2,0,2,1,0,0,2,2,0,0,0,1,0,1,1,0,1,0,0,0,3,4,0,0,0,0,0,0,3
0,0,1,2,1,1,1,1,1,0,0,1,1,0,2,2,0,0,0,1,0,1,2,0,1,0,0,0,3,4,0,0,0,0,0,0,4
0,1,1,2,0,0,2,1,2,1,1,1,1,0,2,2,0,0,0,1,0,2,2,0,0,0,0,0,3,4,0,0,0,0,0,0,4
0,0,1,1,1,0,1,1,1,0,0,1,1,0,2,2,0,0,0,1,0,1,2,0,0,0,0,0,3,4,0,0,0,0,0,0,4
0,3,1,2,0,0,2,1,2,1,1,1,1,0,2,2,0,0,0,1,0,2,2,0,0,0,0,0,3,4,0,0,0,0,0,0,4
0,2,1,2,0,0,1,1,2,0,1,1,1,0,2,2,0,0,0,1,0,1,2,0,0,0,0,0,3,4,0,0,0,0,0,0,4
0,0,1,2,1,0,3,1,1,0,0,1,1,0,2,2,0,0,0,1,0,1,2,0,0,0,0,0,3,4,0,0,0,0,0,0,4
0,0,1,1,1,1,2,1,2,1,0,1,1,0,2,2,0,0,0,1,1,2,2,0,1,0,0,0,3,4,0,0,0,0,0,0,4
0,3,1,2,0,0,1,1,2,1,0,1,1,0,2,2,0,0,0,1,0,2,2,0,0,0,0,0,3,4,0,0,0,0,0,0,4
0,0,1,2,1,0,2,1,1,0,1,1,1,0,2,2,0,0,0,1,0,1,2,0,0,0,0,0,3,4,0,0,0,0,0,0,4
0,2,1,2,1,1,1,1,2,0,2,1,1,0,2,2,0,0,0,1,0,1,2,0,1,0,0,0,3,4,0,0,0,0,0,0,4
0,0,1,2,1,0,3,1,1,0,2,1,1,0,2,2,0,0,0,1,0,1,2,0,0,0,0,0,3,4,0,0,0,0,0,0,4
0,1,1,2,1,0,0,1,2,1,1,1,1,0,2,2,0,0,0,1,0,2,2,0,0,0,0,0,3,4,0,0,0,0,0,0,4
0,1,1,2,1,1,3,1,2,0,1,1,1,0,2,2,0,0,0,1,1,1,2,0,1,0,0,0,3,4,0,0,0,0,0,0,4
0,2,1,2,0,0,1,1,2,0,0,1,1,0,2,2,0,0,0,1,0,1,2,0,0,0,0,0,3,4,0,0,0,0,0,0,4
0,1,1,2,0,0,0,1,2,1,0,1,1,0,2,2,0,0,0,1,0,2,2,0,0,0,0,0,3,4,0,0,0,0,0,0,4
0,3,1,1,0,0,2,1,2,1,2,1,1,0,2,2,0,0,0,1,0,2,2,0,0,0,0,0,3,4,0,0,0,0,0,0,4
0,4,0,0,1,0,1,3,1,1,2,0,1,0,2,2,0,0,0,1,0,0,0,0,0,0,1,0,0,0,0,0,0,0,0,0,5
0,4,0,0,1,0,1,3,1,1,2,0,1,0,2,2,0,0,0,1,0,0,0,0,0,0,1,0,0,0,0,0,0,0,0,0,5
0,3,1,0,0,0,3,0,1,1,2,1,0,0,2,2,0,0,0,1,0,0,3,0,0,0,1,0,0,4,0,0,0,0,0,0,5
0,5,0,0,2,0,1,3,1,1,2,0,1,0,2,2,0,0,0,1,0,0,0,0,0,0,1,0,0,0,0,0,0,0,0,0,5
0,5,0,0,2,0,2,3,1,1,1,0,1,0,2,2,0,0,0,1,0,0,0,0,0,0,1,0,0,0,0,0,0,0,0,0,5
0,4,0,0,1,0,3,2,1,0,1,0,1,0,2,2,0,0,0,1,0,0,0,0,0,0,1,0,0,0,0,0,0,0,0,0,5
0,5,0,0,1,1,3,3,1,0,2,1,1,2,0,1,0,0,0,1,1,0,3,0,0,0,1,0,0,4,0,0,0,0,0,0,5
0,6,0,1,1,1,2,0,1,1,0,1,0,0,2,1,0,0,0,1,1,0,3,0,0,0,1,0,0,4,0,0,0,0,0,0,5
0,5,1,0,0,0,3,2,1,0,0,1,1,0,2,2,0,0,0,1,1,0,3,0,0,0,1,0,0,4,0,0,0,0,0,0,5
0,5,1,0,1,0,1,3,1,1,0,1,1,2,0,1,0,0,0,1,1,0,3,0,0,0,1,0,0,4,0,0,0,0,0,0,5
0,4,0,1,0,1,2,3,1,1,2,1,0,0,2,2,0,0,0,1,1,0,3,0,0,0,1,0,0,4,0,0,0,0,0,0,5
0,4,1,0,0,0,3,2,1,1,1,1,1,2,0,1,0,0,0,1,1,0,3,0,0,0,1,0,0,4,0,0,0,0,0,0,5
0,4,0,0,1,0,2,0,1,1,0,0,1,0,2,2,0,0,0,1,0,0,0,0,0,0,1,0,0,0,0,0,0,0,0,0,5
0,3,1,0,0,0,2,0,2,0,1,1,1,2,0,1,0,0,0,1,0,0,3,0,0,0,1,0,0,4,0,0,0,0,0,0,5
0,5,0,0,1,0,3,2,1,0,1,0,1,0,2,2,0,0,0,1,0,0,0,0,0,0,1,0,0,0,0,0,0,0,0,0,5
0,4,0,0,1,0,3,3,1,1,0,0,1,0,2,2,0,0,0,1,0,0,0,0,0,0,1,0,0,0,0,0,0,0,0,0,5
0,4,0,0,1,0,3,2,1,0,2,0,1,0,2,2,0,0,0,1,0,0,0,0,0,0,1,0,0,0,0,0,0,0,0,0,5
0,4,0,0,1,0,1,2,1,1,2,0,1,0,2,2,0,0,0,1,0,0,0,0,0,0,1,0,0,0,0,0,0,0,0,0,5
0,4,0,0,1,0,1,2,1,0,0,0,1,0,2,2,0,0,0,1,0,0,0,0,0,0,1,0,0,0,0,0,0,0,0,0,5
0,3,0,0,1,0,3,2,1,0,0,0,1,0,2,2,0,0,0,1,0,0,0,0,0,0,1,0,0,0,0,0,0,0,0,0,5
0,5,0,0,1,1,3,3,1,0,1,0,1,0,2,2,0,0,1,0,0,0,0,0,0,0,0,0,0,0,0,0,0,0,0,0,6
0,6,0,1,0,1,0,0,0,1,2,0,1,0,2,2,0,0,1,0,0,0,0,0,0,0,0,0,0,0,0,0,0,0,0,0,6
0,1,1,0,1,0,3,3,1,2,0,0,1,0,2,2,0,0,1,0,0,0,0,0,0,0,0,0,0,0,0,0,0,0,0,0,6
0,6,1,1,0,0,2,2,0,1,2,0,1,0,2,2,0,0,1,0,0,0,0,0,0,0,0,0,0,0,0,0,0,0,0,0,6
0,4,1,1,0,0,2,2,0,2,0,0,1,0,2,2,0,0,1,0,0,0,0,0,0,0,0,0,0,0,0,0,0,0,0,0,6
0,6,0,0,1,1,1,1,1,0,2,0,1,0,2,2,0,0,1,0,0,0,0,0,0,0,0,0,0,0,0,0,0,0,0,0,6
0,2,1,1,0,0,2,2,0,0,1,0,1,0,2,2,0,0,1,0,0,0,0,0,0,0,0,0,0,0,0,0,0,0,0,0,6
0,6,1,0,1,0,1,1,1,1,2,0,1,0,2,2,0,0,1,0,0,0,0,0,0,0,0,0,0,0,0,0,0,0,0,0,6
0,5,1,0,1,0,1,1,1,0,1,0,1,0,2,2,0,0,1,0,0,0,0,0,0,0,0,0,0,0,0,0,0,0,0,0,6
0,1,1,0,1,0,1,1,1,2,0,0,1,0,2,2,0,0,1,0,0,0,0,0,0,0,0,0,0,0,0,0,0,0,0,0,6
0,6,0,2,0,1,2,1,0,1,2,0,1,2,0,1,0,1,2,0,0,0,0,0,0,0,0,0,0,0,1,1,0,0,0,0,7
0,2,0,2,1,1,1,1,1,1,2,0,1,2,0,1,0,1,2,0,0,0,0,0,0,0,0,0,0,0,1,1,0,0,0,0,7
0,1,0,2,1,1,3,2,1,0,1,0,1,1,0,1,0,0,2,0,0,0,0,0,0,0,0,0,0,0,1,1,0,0,0,0,7
0,4,1,2,2,0,2,2,1,0,1,0,1,1,0,1,0,1,2,0,0,0,0,0,0,0,0,0,0,0,1,1,0,0,0,0,7
0,1,0,2,0,1,0,0,1,0,1,0,1,1,0,1,0,0,2,0,0,0,0,0,0,0,0,0,0,0,1,1,0,0,0,0,7
0,2,1,2,0,0,3,0,1,0,1,0,1,1,0,1,0,0,2,0,0,0,0,0,0,0,0,0,0,0,1,1,0,0,0,0,7
0,2,1,2,1,0,2,0,1,0,1,0,1,2,0,1,0,0,2,0,0,0,0,0,0,0,0,0,0,0,1,1,0,0,0,0,7
0,4,1,2,2,0,2,1,0,1,2,0,1,1,0,1,0,0,2,0,0,0,0,0,0,0,0,0,0,0,1,1,0,0,0,0,7
0,4,1,2,0,0,1,2,1,0,1,0,1,2,0,1,0,0,2,0,0,0,0,0,0,0,0,0,0,0,1,1,0,0,0,0,7
0,5,1,2,1,0,3,2,1,0,1,0,1,1,0,1,0,0,2,0,0,0,0,0,0,0,0,0,0,0,1,1,0,0,0,0,7
0,1,1,2,2,1,3,3,1,0,2,1,1,2,0,1,0,0,0,0,0,0,0,0,0,0,0,0,0,0,0,0,0,0,0,0,8
0,2,0,2,1,0,2,3,1,1,1,0,1,2,0,1,0,0,0,0,0,0,0,0,0,0,0,0,0,0,0,0,0,0,0,0,8
0,2,0,2,1,0,2,3,1,1,0,0,1,2,0,1,1,0,0,0,0,0,0,0,0,0,0,0,0,0,0,0,0,0,0,0,8
0,2,0,2,1,0,1,0,1,2,0,0,1,2,0,1,1,0,0,0,0,0,0,0,0,0,0,0,0,0,0,0,0,0,0,0,8
0,1,1,2,2,1,3,3,1,1,1,1,1,2,0,1,0,0,0,0,0,0,0,0,0,0,0,0,0,0,0,0,0,0,0,0,8
0,1,1,2,1,0,2,3,1,0,2,0,1,2,0,1,1,0,0,0,0,0,0,0,0,0,0,0,0,0,0,0,0,0,0,0,8
0,0,1,2,2,1,3,3,1,2,1,0,1,2,0,1,0,0,0,0,0,0,0,0,0,0,0,0,0,0,0,0,0,0,0,0,8
0,2,0,2,1,0,2,3,1,0,0,0,1,2,0,1,1,0,0,0,0,0,0,0,0,0,0,0,0,0,0,0,0,0,0,0,8
0,1,0,2,1,0,2,3,1,1,1,0,1,2,0,1,1,0,0,0,0,0,0,0,0,0,0,0,0,0,0,0,0,0,0,0,8
0,2,1,2,1,0,3,3,1,0,2,0,1,2,0,1,1,0,0,0,0,0,0,0,0,0,0,0,0,0,0,0,0,0,0,0,8
0,5,0,2,1,0,2,2,1,0,1,0,1,2,0,1,0,0,0,1,0,3,1,1,0,0,0,0,0,0,0,0,0,0,0,0,8
0,1,1,2,1,0,3,3,1,1,2,0,1,2,0,1,1,0,0,0,0,0,0,0,0,0,0,0,0,0,0,0,0,0,0,0,8
0,1,0,2,1,0,3,3,1,2,0,0,1,2,0,1,1,0,0,0,0,0,0,0,0,0,0,0,0,0,0,0,0,0,0,0,8
0,4,0,2,1,0,1,3,1,0,0,0,1,2,0,1,1,0,0,1,0,3,1,1,0,0,0,0,0,0,0,0,0,0,0,0,8
0,1,0,2,1,0,2,3,1,0,1,0,1,2,0,1,1,0,0,0,0,0,0,0,0,0,0,0,0,0,0,0,0,0,0,0,8
0,4,1,2,1,0,3,3,1,0,2,0,1,2,0,1,0,0,0,1,0,3,1,1,0,0,0,0,0,0,0,0,0,0,0,0,8
0,2,0,2,1,0,3,3,1,0,0,0,1,2,0,1,1,0,0,0,0,0,0,0,0,0,0,0,0,0,0,0,0,0,0,0,8
0,0,1,1,1,1,2,2,0,2,1,1,1,2,0,1,0,0,0,0,0,0,0,0,0,0,0,0,0,0,0,0,0,0,0,0,8
0,1,1,1,1,1,2,0,0,0,2,0,1,2,0,1,0,0,0,0,0,0,0,0,0,0,0,0,0,0,0,0,0,0,0,0,8
0,1,1,2,1,0,1,0,1,2,2,0,1,2,0,1,1,0,0,0,0,0,0,0,0,0,0,0,0,0,0,0,0,0,0,0,8
0,1,0,2,1,0,1,3,1,0,0,0,1,2,0,1,0,0,0,1,0,3,1,1,0,0,0,0,0,0,0,0,0,0,0,0,8
0,2,0,2,1,0,3,3,1,1,1,0,1,2,0,1,1,0,0,0,0,0,0,0,0,0,0,0,0,0,0,0,0,0,0,0,8
0,3,0,2,1,0,2,3,2,2,1,0,1,2,0,1,0,0,0,1,0,0,3,1,1,0,0,0,0,0,0,0,0,0,0,0,8
0,2,1,2,2,1,3,1,1,1,0,1,1,2,0,1,0,0,0,0,0,0,0,0,0,0,0,0,0,0,0,0,0,0,0,0,8
0,1,0,2,1,0,2,3,1,2,0,0,1,2,0,1,1,0,0,0,0,0,0,0,0,0,0,0,0,0,0,0,0,0,0,0,8
0,1,1,2,1,0,2,3,1,0,2,0,1,2,0,1,1,0,0,0,0,0,0,0,0,0,0,0,0,0,0,0,0,0,0,0,8
0,5,0,2,1,0,1,3,1,0,0,0,1,2,0,1,1,0,0,1,0,3,1,1,0,0,0,0,0,0,0,0,0,0,0,0,8
0,4,1,1,1,1,2,2,0,0,2,0,1,2,0,1,0,0,0,1,0,3,1,1,0,0,0,0,0,1,0,0,0,0,0,0,8
0,3,1,2,1,0,1,3,1,0,2,0,1,2,0,1,1,0,0,1,0,3,1,1,0,0,0,0,0,0,0,0,0,0,0,0,8
0,1,0,2,1,0,3,3,1,0,0,0,1,2,0,1,0,0,0,0,0,0,0,0,0,0,0,0,0,0,0,0,0,0,0,0,8
0,4,0,2,1,0,2,3,2,1,1,0,1,2,0,1,0,0,0,1,0,0,3,1,1,0,0,0,0,0,0,0,0,0,0,0,8
0,2,1,2,1,0,2,3,1,0,2,0,1,2,0,1,0,0,0,0,0,0,0,0,0,0,0,0,0,0,0,0,0,0,0,0,8
0,2,1,1,1,1,0,0,1,1,0,0,1,2,0,1,0,0,0,0,0,0,0,0,0,0,0,0,0,0,0,0,0,0,0,0,8
0,3,1,2,1,0,3,1,1,0,2,0,1,2,0,1,0,0,0,1,0,3,1,1,0,0,0,0,0,0,0,0,0,0,0,0,8
0,3,0,2,1,0,3,3,2,2,0,0,1,2,0,1,0,0,0,1,0,0,3,1,1,0,0,0,0,0,0,0,0,0,0,0,8
0,2,0,2,1,0,2,2,1,0,1,0,1,2,0,1,0,0,0,1,0,3,1,1,0,0,0,0,0,0,0,0,0,0,0,0,8
0,3,0,2,1,0,3,1,1,0,0,0,1,2,0,1,1,0,0,0,0,0,0,0,0,0,0,0,0,0,0,0,0,0,0,0,8
0,3,1,2,1,0,3,1,1,0,2,0,1,2,0,1,1,0,0,1,0,3,1,1,0,0,0,0,0,0,0,0,0,0,0,0,8
0,2,1,2,1,0,3,3,2,2,2,0,1,2,0,1,1,0,0,0,0,0,0,0,0,0,0,0,0,0,0,0,0,0,0,0,8
0,5,1,2,1,0,3,3,2,0,2,0,1,2,0,1,0,0,0,1,0,0,3,1,1,0,0,0,0,0,0,0,0,0,0,0,8
0,5,0,2,1,1,3,3,1,1,0,0,1,2,0,0,1,0,0,0,0,0,0,0,0,0,0,0,0,0,0,0,0,0,0,0,9
0,4,0,2,2,1,2,3,1,1,1,0,1,2,0,0,1,0,0,0,0,0,0,0,0,0,0,0,0,0,0,0,0,0,0,0,9
0,2,0,1,1,0,0,0,0,0,0,0,1,1,0,0,0,0,0,0,0,0,0,0,0,0,0,0,0,0,0,0,0,0,0,0,9
0,3,0,1,1,0,1,2,0,0,0,0,1,1,0,0,1,0,0,0,0,0,0,0,0,0,0,0,0,0,0,0,0,0,0,0,9
0,3,0,1,1,0,3,2,0,0,0,0,1,1,0,0,1,1,0,0,0,0,0,0,0,0,0,0,0,0,0,0,0,0,0,0,9
0,3,0,2,1,1,2,1,1,1,0,0,1,2,0,0,1,0,0,0,0,0,0,0,0,0,0,0,0,0,0,0,0,0,0,0,9
0,3,0,1,1,0,1,0,0,0,1,0,1,1,0,0,1,0,0,0,0,0,0,0,0,0,0,0,0,0,0,0,0,0,0,0,9
0,4,0,2,1,1,0,3,1,1,1,0,1,2,0,0,1,0,0,0,0,0,0,0,0,0,0,0,0,0,0,0,0,0,0,0,9
0,2,0,1,1,0,3,1,0,0,0,0,1,1,0,0,1,0,0,0,0,0,0,0,0,0,0,0,0,0,0,0,0,0,0,0,9
0,4,1,2,2,1,2,1,1,1,2,0,1,2,0,0,1,0,0,0,0,0,0,0,0,0,0,0,0,0,0,0,0,0,0,0,9
0,2,1,1,2,0,2,2,0,0,2,0,1,1,1,0,0,0,0,0,0,0,0,0,0,0,0,0,0,0,0,0,0,0,0,2,10
0,3,0,2,0,1,2,3,1,1,1,1,1,2,1,0,1,0,0,0,0,0,0,0,0,0,0,0,0,0,1,1,1,0,0,0,10
0,2,0,1,0,0,0,0,0,0,0,0,1,1,1,0,0,0,0,0,0,0,0,0,0,0,0,0,0,0,0,0,0,0,0,0,10
0,4,1,2,1,0,3,0,1,0,2,0,1,1,0,0,1,1,0,0,0,0,0,0,0,0,0,0,0,0,0,0,0,1,0,1,10
0,3,0,2,1,1,1,1,1,0,1,0,1,1,1,0,1,0,0,0,0,0,0,0,0,0,0,0,0,0,1,1,1,1,0,1,10
0,3,1,1,0,0,2,0,0,0,2,0,1,2,1,0,0,0,0,0,0,0,0,0,0,0,0,0,0,0,0,0,0,0,0,1,10
0,3,0,1,1,1,2,3,0,0,1,1,1,1,1,0,1,0,0,0,0,0,0,0,0,0,0,0,0,0,1,1,1,1,0,0,10
0,3,1,2,1,0,0,2,1,0,2,0,1,1,1,0,1,0,0,0,0,0,0,0,0,0,0,0,0,0,0,0,0,1,0,1,10
0,4,0,1,1,1,1,3,0,0,1,0,1,1,1,0,1,0,0,0,0,0,0,0,0,0,0,0,0,0,1,1,1,1,0,0,10
0,5,1,1,1,0,2,0,0,1,2,0,1,1,1,0,1,0,0,0,0,0,0,0,0,0,0,0,0,0,0,0,0,0,0,1,10
0,6,0,2,0,1,2,2,0,0,0,0,0,0,2,2,0,0,0,1,1,0,3,0,0,0,0,0,1,1,1,0,1,0,0,0,11
0,6,0,2,0,0,2,2,0,1,1,0,1,2,0,0,0,0,0,1,0,0,3,0,0,0,0,0,1,1,1,0,1,0,0,0,11
0,4,0,2,1,1,1,1,0,1,2,0,0,0,2,2,0,0,0,0,0,0,3,0,0,0,0,0,0,0,1,0,1,0,0,0,11
0,4,0,2,1,1,0,0,0,0,1,0,1,2,0,0,0,0,0,0,1,0,3,0,0,0,0,0,0,0,1,0,1,0,0,0,11
0,4,0,2,0,0,0,0,0,0,2,0,1,2,0,0,0,0,0,0,0,0,3,0,0,0,0,0,0,0,1,0,1,0,0,0,11
0,6,0,2,2,0,2,2,0,0,1,0,1,2,0,0,0,0,0,1,0,0,3,0,0,0,0,0,1,1,1,0,1,0,0,0,11
0,3,0,2,0,1,0,0,0,0,1,0,0,0,2,2,0,0,0,0,1,0,3,0,0,0,0,0,0,0,1,0,1,0,0,0,11
0,3,0,2,1,1,3,3,0,1,1,0,0,0,2,2,0,0,0,0,0,0,3,0,0,0,0,0,0,0,1,0,1,0,0,0,11
0,5,0,2,1,0,1,1,0,0,0,0,1,2,0,0,0,0,0,1,0,0,3,0,0,0,0,0,1,1,1,0,1,0,0,0,11
0,4,0,2,1,0,0,0,0,1,1,0,0,0,2,2,0,0,0,1,0,0,3,0,0,0,0,0,0,0,1,0,1,0,0,0,11
0,5,1,2,1,0,3,3,1,1,0,0,0,0,2,2,0,0,0,1,0,3,2,0,0,0,0,0,1,2,0,0,0,0,0,0,12
0,5,1,2,2,1,2,2,0,1,2,0,1,0,2,2,0,0,0,1,0,3,1,1,1,0,0,0,1,2,1,1,1,0,1,0,12
0,6,0,2,1,0,1,1,1,1,1,0,0,0,2,2,0,0,0,1,0,3,2,1,0,0,0,0,1,2,1,1,0,1,1,0,12
0,2,1,2,2,1,0,0,1,0,0,1,1,0,2,2,0,0,0,1,0,2,1,0,1,0,0,0,0,0,0,0,0,0,0,0,12
0,3,0,2,1,0,3,3,1,0,0,1,1,0,2,2,0,0,0,1,0,3,2,1,1,0,0,0,1,2,1,1,1,0,0,0,12
0,4,1,2,2,1,2,2,1,0,1,1,1,0,2,2,0,0,0,1,0,3,1,1,1,0,0,0,1,2,0,0,0,0,0,0,12
0,6,0,2,1,0,2,2,1,0,1,0,0,0,2,2,0,0,0,1,0,3,2,1,0,0,0,0,1,2,1,1,0,1,1,0,12
0,1,0,2,1,0,1,1,1,1,1,1,1,0,2,2,0,0,0,1,0,2,2,0,1,0,0,0,0,0,1,0,1,0,0,0,12
0,6,1,2,1,0,2,2,1,1,1,0,0,0,2,2,0,0,0,1,0,3,2,1,0,0,0,0,1,2,1,1,0,1,1,0,12
0,5,0,2,1,0,1,1,1,2,2,1,1,0,2,2,0,0,0,1,0,3,2,1,1,0,0,0,1,2,1,1,1,0,0,0,12
0,5,1,2,2,1,3,3,0,1,2,1,1,0,2,2,0,0,0,1,1,3,2,1,1,0,0,0,1,2,0,0,0,0,0,0,12
0,0,0,2,1,0,3,3,1,1,2,1,1,0,2,2,0,0,0,1,0,2,2,0,1,0,0,0,0,0,1,1,0,1,0,0,12
0,6,0,2,1,0,2,2,0,0,0,1,1,0,2,2,0,0,0,1,0,3,1,1,1,0,0,0,1,2,1,0,1,1,1,0,12
0,5,1,2,1,0,1,1,1,0,1,0,0,0,2,2,0,0,0,1,0,3,2,0,0,0,0,0,1,2,1,1,0,1,1,0,12
0,5,0,2,1,0,2,2,1,0,2,0,0,0,2,2,0,0,0,1,0,3,2,1,0,0,0,0,1,2,0,0,0,0,0,0,12
0,6,1,2,2,1,0,0,1,0,1,0,1,0,2,2,0,0,0,1,0,3,1,1,1,0,0,0,1,2,0,0,0,0,0,0,12
0,5,0,2,1,0,1,1,1,0,0,0,0,0,2,2,0,0,0,1,0,3,2,1,0,0,0,0,1,2,1,1,0,1,1,0,12
0,6,1,2,2,1,3,3,0,2,1,0,1,0,2,2,0,0,0,1,1,3,2,1,1,0,0,0,1,2,0,0,0,0,0,0,12
0,5,1,2,1,0,3,3,1,0,1,0,0,0,2,2,0,0,0,1,0,3,2,0,0,0,0,0,1,2,1,1,0,1,1,0,12
0,5,1,2,1,0,2,2,1,1,1,0,0,0,2,2,0,0,0,1,0,3,2,0,0,0,0,0,1,2,1,1,0,1,1,0,12
0,3,1,1,1,0,0,2,0,0,2,0,1,2,0,1,0,0,0,0,0,0,0,0,0,0,0,0,0,0,0,0,0,0,0,0,13
0,3,0,0,1,1,0,2,0,0,1,0,1,2,0,1,0,1,0,0,0,0,0,0,0,0,0,0,0,0,0,0,0,0,0,0,13
0,3,1,1,1,0,0,0,0,0,0,0,1,2,0,1,0,0,0,0,0,0,0,0,0,0,0,0,0,0,0,0,0,0,0,0,13
0,3,0,0,1,1,2,0,0,0,0,0,1,2,0,1,0,0,0,0,0,0,0,0,0,0,0,0,0,0,0,0,0,0,0,0,13
0,3,1,1,2,0,3,2,0,1,1,0,1,2,0,1,1,1,0,0,0,0,0,0,0,0,0,0,0,0,0,0,0,0,0,0,13
0,2,0,0,1,1,0,3,0,2,2,0,1,2,0,1,0,0,0,0,0,0,0,0,0,0,0,0,0,0,0,0,0,0,0,0,13
0,1,0,0,2,1,3,2,1,1,1,0,1,2,0,1,1,1,0,0,0,0,0,0,0,0,0,0,0,0,0,0,0,0,0,0,13
0,2,1,1,1,0,2,2,1,1,1,0,1,2,0,1,0,1,0,0,0,0,0,0,0,0,0,0,0,0,0,0,0,0,0,0,13
0,2,0,0,2,1,3,0,1,1,0,1,1,2,0,1,1,0,0,0,0,0,0,0,0,0,0,0,0,0,0,0,0,0,0,0,13
0,2,1,1,2,0,3,3,0,2,2,0,1,2,0,1,1,0,0,0,0,0,0,0,0,0,0,0,0,0,0,0,0,0,0,0,13
0,4,1,2,1,0,1,1,1,1,2,0,1,2,0,1,0,0,0,0,0,0,0,0,0,0,0,0,0,0,0,0,0,0,0,0,14
0,4,0,1,1,0,3,3,1,0,1,0,1,2,0,1,0,0,0,0,0,0,0,0,0,0,0,0,0,0,0,0,0,0,0,0,14
0,3,0,2,1,0,0,0,1,0,1,0,1,2,0,1,0,0,0,0,0,0,0,0,0,0,0,0,0,0,0,0,0,0,0,0,14
0,6,0,2,2,0,3,3,0,1,1,0,1,2,0,1,0,0,0,0,0,0,0,0,0,0,0,0,0,0,0,0,0,0,0,0,14
0,6,0,1,1,1,2,2,0,2,2,0,1,2,0,1,0,0,0,0,0,0,0,0,0,0,0,0,0,0,1,0,1,0,0,0,14
0,5,0,2,2,0,3,3,1,0,1,0,1,2,0,1,0,0,0,0,0,0,0,0,0,0,0,0,0,0,0,0,0,0,0,0,14
0,6,0,1,1,0,3,3,0,1,1,0,1,2,0,1,0,0,0,0,0,0,0,0,0,0,0,0,0,0,0,0,0,0,0,0,14
0,5,1,2,2,0,3,1,0,0,2,0,1,2,0,1,0,0,0,0,0,0,0,0,0,0,0,0,0,0,0,0,0,0,0,0,14
0,6,0,2,2,0,3,3,0,1,1,0,1,2,0,1,0,0,0,0,0,0,0,0,0,0,0,0,0,0,0,0,0,0,0,0,14
0,6,0,2,2,0,3,2,1,1,0,0,1,2,0,1,0,0,0,0,0,0,0,0,0,0,0,0,0,0,0,0,0,0,0,0,14
0,5,0,2,2,0,2,3,0,0,1,0,1,2,0,1,0,0,0,0,0,0,0,0,0,0,0,0,0,0,0,0,0,0,0,0,14
0,4,1,2,1,0,3,0,1,1,2,0,1,2,0,1,0,0,0,0,0,0,0,0,0,0,0,0,0,0,0,0,0,0,0,0,14
0,6,0,2,1,0,1,1,0,1,0,0,1,2,0,1,1,0,0,0,0,0,0,0,0,0,0,0,0,0,0,0,0,0,0,0,14
0,5,0,2,2,0,2,2,1,0,0,0,1,2,0,1,0,0,0,0,0,0,0,0,0,0,0,0,0,0,0,0,0,0,0,0,14
0,5,1,2,1,0,0,0,0,0,2,0,1,2,0,1,0,0,0,0,0,0,0,0,0,0,0,0,0,0,0,0,0,0,0,0,14
0,4,0,2,1,0,2,2,0,0,1,0,1,2,0,1,0,0,0,0,0,0,0,0,0,0,0,0,0,0,0,0,0,0,0,0,14
0,4,0,2,1,0,1,1,1,1,1,0,1,2,0,1,1,0,0,0,0,0,0,0,0,0,0,0,0,0,0,0,0,0,0,0,14
0,5,0,2,1,0,2,1,0,0,0,0,1,2,0,1,0,0,0,0,0,0,0,0,0,0,0,0,0,0,0,0,0,0,0,0,14
0,6,0,2,2,0,3,2,0,1,0,0,1,2,0,1,0,0,0,0,0,0,0,0,0,0,0,0,0,0,0,0,0,0,0,0,14
0,6,1,2,2,0,1,1,0,1,2,0,1,2,0,1,0,0,0,0,0,0,0,0,0,0,0,0,0,0,0,0,0,0,0,0,14
0,5,1,2,2,0,3,1,1,0,2,0,1,2,0,1,0,0,0,0,0,0,0,0,0,0,0,0,0,0,0,0,0,0,0,0,14
0,5,1,2,2,0,3,3,1,1,1,0,1,2,0,1,0,0,0,0,0,0,0,0,0,0,0,0,0,0,0,0,0,0,0,0,14
0,4,1,2,1,0,2,1,0,0,2,0,1,2,0,1,1,0,0,0,0,0,0,0,0,0,0,0,0,0,0,0,0,0,0,0,14
0,6,1,1,2,0,2,2,0,2,0,0,1,2,0,1,0,0,0,0,0,0,0,0,0,0,0,0,0,0,1,0,1,0,0,0,14
0,4,1,2,1,0,1,2,1,1,2,0,1,2,0,1,0,0,0,0,0,0,0,0,0,0,0,0,0,0,0,0,0,0,0,0,14
0,6,1,2,2,0,2,1,0,1,2,0,1,2,0,1,0,0,0,0,0,0,0,0,0,0,0,0,0,0,0,0,0,0,0,0,14
0,4,1,2,1,0,0,3,0,0,2,0,1,2,0,1,0,0,0,0,0,0,0,0,0,0,0,0,0,0,0,0,0,0,0,0,14
0,4,0,2,2,0,3,3,1,0,0,0,1,2,0,1,0,0,0,0,0,0,0,0,0,0,0,0,0,0,0,0,0,0,0,0,14
0,5,0,2,2,0,2,3,1,0,1,0,1,2,0,1,0,0,0,0,0,0,0,0,0,0,0,0,0,0,0,0,0,0,0,0,14
0,3,0,2,1,0,0,0,1,0,0,0,1,2,0,1,0,0,0,0,0,0,0,0,0,0,0,0,0,0,0,0,0,0,0,0,14
0,5,0,2,1,0,1,2,0,1,0,0,1,2,0,1,1,0,0,0,0,0,0,0,0,0,0,0,0,0,0,0,0,0,0,0,14
0,5,0,2,2,0,1,1,0,1,1,0,1,2,0,1,0,0,0,0,0,0,0,0,0,0,0,0,0,0,0,0,0,0,0,0,14
0,4,0,2,2,0,1,1,1,0,2,0,1,2,0,1,0,0,0,0,0,0,0,0,0,0,0,0,0,0,0,0,0,0,0,0,14
0,5,1,2,1,0,3,3,0,1,2,0,1,2,0,1,1,0,0,0,0,0,0,0,0,0,0,0,0,0,0,0,0,0,0,0,14
0,6,0,2,1,0,2,1,0,0,1,0,1,2,0,1,1,0,0,0,0,0,0,0,0,0,0,0,0,0,0,0,0,0,0,0,14
0,5,0,2,1,0,0,3,0,0,0,0,1,2,0,1,0,0,0,0,0,0,0,0,0,0,0,0,0,0,0,0,0,0,0,0,14
0,6,0,2,1,0,0,3,0,0,1,0,1,2,0,1,0,0,0,0,0,0,0,0,0,0,0,0,0,0,0,0,0,0,0,0,14
0,5,1,2,2,0,2,1,1,0,2,0,1,2,0,1,0,0,0,0,0,0,0,0,0,0,0,0,0,0,0,0,0,0,0,0,14
0,5,0,2,1,0,3,0,0,1,0,0,1,2,0,1,1,0,0,0,0,0,0,0,0,0,0,0,0,0,0,0,0,0,0,0,14
0,6,0,2,1,0,1,2,0,1,1,0,1,2,0,1,1,0,0,0,0,0,0,0,0,0,0,0,0,0,0,0,0,0,0,0,14
0,6,0,1,2,0,3,3,0,0,0,0,1,2,0,1,0,0,0,1,0,3,2,1,1,0,0,0,1,2,1,0,0,0,0,0,15
0,4,0,1,2,0,1,1,0,1,1,0,1,2,0,1,0,0,0,0,0,0,0,0,0,0,0,0,0,0,0,0,0,0,0,0,15
0,5,0,1,1,0,2,1,0,0,0,0,1,2,0,1,0,0,0,1,0,3,1,0,1,0,0,0,0,0,0,0,0,0,0,0,15
0,5,1,2,1,0,3,2,0,0,2,0,1,2,0,1,0,0,0,0,0,0,0,0,0,0,0,0,0,0,0,0,0,0,0,0,15
0,6,1,2,2,0,3,3,0,1,2,0,1,2,0,1,0,0,0,1,0,3,2,0,1,0,0,0,1,1,0,0,0,0,0,0,15
0,4,0,1,1,0,3,3,1,1,0,0,1,2,0,1,0,0,0,0,0,0,0,0,0,0,0,0,0,0,0,0,0,0,0,0,15
0,3,0,2,1,0,2,3,0,1,1,0,1,2,0,1,0,0,0,1,0,3,2,0,1,0,0,0,1,1,0,0,0,0,0,0,15
0,5,0,2,2,0,2,2,0,0,1,0,1,2,0,1,0,0,0,1,0,3,2,0,1,0,0,0,1,1,0,0,0,0,0,0,15
0,5,0,2,1,0,1,1,1,1,0,0,1,2,0,1,0,0,0,0,0,0,0,0,0,0,0,0,0,0,0,0,0,0,0,0,15
0,5,0,2,2,0,2,3,0,1,1,0,1,2,0,1,0,0,0,1,0,3,2,0,1,0,0,0,1,1,0,0,0,0,0,0,15
0,5,0,2,1,0,0,1,0,1,1,0,1,2,0,1,0,0,0,1,0,3,2,0,1,0,0,0,1,1,0,0,0,0,0,0,15
0,4,0,2,1,0,2,3,0,1,0,0,1,2,0,1,0,0,0,0,0,0,0,0,0,0,0,0,0,0,0,0,0,0,0,0,15
0,4,0,2,2,0,1,1,1,1,0,0,1,2,0,1,0,0,0,1,0,3,2,0,1,0,0,0,1,1,0,0,0,0,0,0,15
0,4,0,2,1,0,2,1,1,1,1,0,1,2,0,1,0,0,0,1,0,3,1,0,1,0,0,0,1,1,0,0,0,0,0,0,15
0,3,1,2,1,0,3,2,1,0,2,0,1,2,0,1,0,0,0,1,0,3,2,0,1,0,0,0,1,1,0,0,0,0,0,0,15
0,5,0,2,1,0,3,0,1,0,1,0,1,2,0,1,0,0,0,1,0,3,1,0,1,0,0,0,1,1,0,0,0,0,0,0,15
0,5,0,2,2,0,1,1,0,1,0,0,1,2,0,1,0,0,0,1,0,3,2,0,1,0,0,0,1,1,0,0,0,0,0,0,15
0,4,0,2,2,0,1,2,1,0,0,0,1,2,0,1,0,0,0,1,0,3,2,0,1,0,0,0,1,1,0,0,0,0,0,0,15
0,5,0,2,2,0,2,1,0,1,1,0,1,2,0,1,0,0,0,1,0,3,2,0,1,0,0,0,1,1,0,0,0,0,0,0,15
0,5,0,2,1,0,3,0,1,0,0,0,1,2,0,1,0,0,0,1,0,3,1,0,1,0,0,0,1,1,0,0,0,0,0,0,15
0,3,0,2,1,0,1,2,1,0,1,0,1,2,0,1,0,0,0,0,0,0,0,0,0,0,0,0,0,0,0,0,0,0,0,0,15
0,6,0,1,2,0,3,3,0,1,0,0,1,2,0,1,0,0,0,1,0,3,2,1,0,0,0,0,1,2,1,0,1,1,1,0,15
0,5,0,1,1,0,1,3,1,2,0,0,1,2,0,1,0,0,0,1,0,3,0,1,0,0,0,0,1,1,0,0,0,0,0,0,15
0,5,0,2,1,0,3,2,1,0,0,0,1,2,0,1,0,0,0,1,0,3,1,0,1,0,0,0,1,1,0,0,0,0,0,0,15
0,5,1,2,1,0,3,3,0,1,2,0,1,2,0,1,0,0,0,0,0,0,0,0,0,0,0,0,0,0,0,0,0,0,0,0,15
0,3,1,2,1,0,3,0,1,0,2,0,1,2,0,1,0,0,0,0,0,0,0,0,0,0,0,0,0,0,0,0,0,0,0,0,15
0,6,1,2,2,0,3,1,0,1,2,0,1,2,0,1,0,0,0,1,0,3,2,0,1,0,0,0,1,1,0,0,0,0,0,0,15
0,4,0,2,1,0,1,2,1,0,1,0,1,2,0,1,0,0,0,0,0,0,0,0,0,0,0,0,0,0,0,0,0,0,0,0,15
0,4,0,2,2,0,1,0,1,0,0,0,1,2,0,1,0,0,0,1,0,3,2,0,1,0,0,0,1,1,0,0,0,0,0,0,15
0,6,1,2,2,0,3,0,0,0,2,0,1,2,0,1,0,0,0,1,0,3,2,0,1,0,0,0,1,1,0,0,0,0,0,0,15
0,5,1,2,2,0,3,3,0,1,2,0,1,2,0,1,0,0,0,1,0,3,2,0,1,0,0,0,1,1,0,0,0,0,0,0,15
0,4,0,2,1,0,0,1,1,1,0,0,1,2,0,1,0,0,0,0,0,0,0,0,0,0,0,0,0,0,0,0,0,0,0,0,15
0,4,0,2,1,0,2,3,1,1,1,0,1,2,0,1,0,0,0,1,0,3,1,0,1,0,0,0,1,1,0,0,0,0,0,0,15
0,4,1,1,2,0,1,1,0,2,2,1,1,2,0,1,0,0,0,0,0,0,0,0,0,0,0,0,0,0,0,0,0,0,0,0,15
0,4,0,2,1,0,2,0,0,0,1,0,1,2,0,1,0,0,0,0,0,0,0,0,0,0,0,0,0,0,0,0,0,0,0,0,15
0,5,1,2,1,0,1,2,1,0,2,0,1,2,0,1,0,0,0,0,0,0,0,0,0,0,0,0,0,0,0,0,0,0,0,0,15
0,4,0,2,2,0,1,3,1,1,0,0,1,2,0,1,0,0,0,1,0,3,2,0,1,0,0,0,1,1,0,0,0,0,0,0,15
0,5,0,2,1,0,1,2,0,0,0,0,1,2,0,1,0,0,0,1,0,3,2,0,1,0,0,0,1,1,0,0,0,0,0,0,15
0,5,0,2,2,0,2,0,0,0,1,0,1,2,0,1,0,0,0,1,0,3,2,0,1,0,0,0,1,1,0,0,0,0,0,0,15
0,5,1,2,1,0,2,3,0,1,2,0,1,2,0,1,0,0,0,1,0,3,2,0,1,0,0,0,1,1,0,0,0,0,0,0,15
0,6,0,2,1,0,1,0,1,0,2,1,1,0,2,2,0,0,0,1,0,3,1,1,1,0,0,0,0,4,0,0,0,0,0,0,1
0,3,0,2,1,0,2,0,2,1,1,1,1,0,2,2,0,0,0,1,0,3,0,1,1,0,0,0,0,4,0,0,0,0,0,0,1
0,4,0,2,1,0,3,0,2,0,2,1,1,0,2,2,0,0,0,1,0,3,1,1,1,0,0,0,0,4,0,0,0,0,0,0,1
0,5,0,2,1,0,1,0,1,0,1,1,1,0,2,2,0,0,0,1,0,3,0,1,1,0,0,0,0,4,0,0,0,0,0,0,1
0,3,0,2,1,0,3,0,1,0,1,1,1,0,2,2,0,0,0,1,0,3,0,1,1,0,0,0,0,4,0,0,0,0,0,0,1
0,5,0,2,1,0,2,0,1,1,0,1,1,0,2,2,0,0,0,1,0,3,0,1,1,0,0,0,0,4,0,0,0,0,0,0,1
0,5,0,2,1,0,3,1,1,1,2,1,1,0,2,2,0,0,0,1,1,3,0,1,1,0,0,0,0,4,0,0,0,0,0,0,1
0,3,0,2,1,0,2,1,1,0,1,1,1,0,2,2,0,0,0,1,1,3,0,1,1,0,0,0,0,4,0,0,0,0,0,0,1
0,4,0,2,1,0,3,0,1,1,2,1,1,0,2,2,0,0,0,1,1,3,0,1,1,0,0,0,0,4,0,0,0,0,0,0,1
0,6,0,2,1,0,3,0,1,1,1,1,1,0,2,2,0,0,0,1,1,3,1,1,1,0,0,0,0,4,0,0,0,0,0,0,1
0,4,0,0,1,0,2,3,1,1,1,1,1,0,2,2,0,0,0,1,0,0,3,0,0,0,2,1,0,4,0,0,0,0,0,0,2
0,5,0,0,2,0,3,2,1,0,2,1,1,0,2,2,0,0,0,1,0,0,3,0,0,0,2,1,0,4,0,0,0,0,0,0,2
0,4,0,0,2,0,3,3,1,1,1,1,1,0,2,2,0,0,0,1,0,0,3,0,0,0,2,1,0,4,0,0,0,0,0,0,2
0,5,0,0,2,0,0,2,1,0,2,1,1,0,2,2,0,0,0,1,0,0,3,0,0,0,2,1,0,4,0,0,0,0,0,0,2
0,5,0,0,2,1,2,2,1,0,2,1,1,0,2,2,0,0,0,1,1,0,3,0,0,0,2,1,0,4,0,0,0,0,0,0,2
0,3,0,0,2,1,0,2,1,0,1,1,1,0,2,2,0,0,0,1,0,0,3,0,0,0,2,1,0,4,0,0,0,0,0,0,2
0,4,0,0,2,1,1,3,1,1,2,1,1,0,2,2,0,0,0,1,0,0,3,0,0,0,2,1,0,4,0,0,0,0,0,0,2
0,5,0,0,2,1,2,2,1,0,0,1,1,0,2,2,0,0,0,1,0,0,3,0,0,0,2,1,0,4,0,0,0,0,0,0,2
0,6,0,0,2,1,3,3,1,1,1,1,1,0,2,2,0,0,0,1,0,0,3,0,0,0,2,1,0,4,0,0,0,0,0,0,2
0,6,0,0,2,1,3,3,1,1,0,1,1,0,2,2,0,0,0,1,0,0,3,0,0,0,2,1,0,4,0,0,0,0,0,0,2
0,0,1,2,0,0,0,1,1,0,1,1,0,0,2,2,0,0,0,1,0,1,1,0,1,0,0,0,3,4,0,0,0,0,0,1,3
0,0,1,2,0,0,3,1,2,0,2,1,0,0,2,2,0,0,0,1,0,1,1,0,1,0,0,0,3,4,0,0,0,0,0,0,3
0,0,1,2,0,0,2,1,1,1,1,1,0,0,2,2,0,0,0,1,0,1,1,0,1,0,0,0,3,4,0,0,0,0,0,0,3
0,2,1,2,0,0,0,1,1,0,1,1,0,0,2,2,0,0,0,1,0,1,1,0,1,0,0,0,3,4,0,0,0,0,0,0,3
0,1,1,2,0,0,2,1,1,0,1,1,0,0,2,2,0,0,0,1,0,1,1,0,1,0,0,0,3,4,0,0,0,0,0,0,3
0,2,1,2,0,0,3,1,2,0,1,1,0,0,2,2,0,0,0,1,0,1,1,0,1,0,0,0,3,4,0,0,0,0,0,0,3
0,2,1,2,0,0,2,1,1,0,2,1,0,0,2,2,0,0,0,1,0,1,1,0,1,1,0,0,3,4,0,0,0,0,0,0,3
0,4,0,2,0,1,0,1,2,0,2,1,1,0,2,2,0,0,0,1,1,1,1,0,1,1,0,0,3,4,0,0,0,0,0,0,3
0,0,1,2,0,0,1,1,1,1,1,1,0,0,2,2,0,0,0,1,0,1,1,0,1,1,0,0,3,4,0,0,0,0,0,0,3
0,2,1,2,0,0,3,1,2,0,2,1,0,0,2,2,0,0,0,1,0,1,1,0,1,1,0,0,3,4,0,0,0,0,0,0,3
0,2,1,1,0,0,3,1,2,0,2,1,1,0,2,2,0,0,0,1,0,1,2,0,0,0,0,0,3,4,0,0,0,0,0,0,4
0,1,1,2,0,0,3,1,1,1,2,1,1,0,2,2,0,0,0,1,0,2,2,0,0,0,0,0,3,4,0,0,0,0,0,0,4
0,2,1,2,1,1,3,1,2,1,2,1,1,0,2,2,0,0,0,1,0,2,2,0,1,0,0,0,3,4,0,0,0,0,0,0,4
0,1,1,2,1,1,2,3,1,1,1,1,1,0,2,2,0,0,0,1,0,2,2,0,1,0,0,0,3,4,0,0,0,0,0,0,4
0,3,0,0,0,1,1,0,2,0,0,1,1,2,0,1,0,0,0,1,1,0,3,0,0,0,1,0,0,4,0,0,0,0,0,0,5
0,4,0,1,0,1,2,2,1,1,1,1,0,0,2,2,0,0,0,1,1,0,3,0,0,0,1,0,0,4,0,0,0,0,0,0,5
0,3,0,0,0,1,3,2,2,0,1,1,1,2,0,1,0,0,0,1,1,0,3,0,0,0,1,0,0,4,0,0,0,0,0,0,5
0,5,0,0,1,1,3,0,1,0,0,1,1,2,0,2,0,0,0,1,1,0,3,0,0,0,1,0,0,4,0,0,0,0,0,0,5
0,6,0,0,1,1,2,1,1,1,1,1,1,2,0,1,0,0,0,1,1,0,3,0,0,0,1,0,0,4,0,0,0,0,0,0,5
0,4,0,1,0,1,3,2,2,0,2,1,0,0,2,2,0,0,0,1,1,0,3,0,0,0,1,0,0,4,0,0,0,0,0,0,5
0,5,0,0,2,0,2,3,1,0,2,0,1,0,2,2,0,0,0,1,0,0,0,0,0,0,1,0,0,0,0,0,0,0,0,0,5
0,5,0,0,1,0,1,0,1,1,0,0,1,0,2,2,0,0,0,1,0,0,0,0,0,0,1,0,0,0,0,0,0,0,0,0,5
0,4,0,0,1,0,3,2,1,0,1,0,1,0,2,2,0,0,0,1,0,0,0,0,0,0,1,0,0,0,0,0,0,0,0,0,5
0,5,0,0,1,0,2,3,1,0,2,0,1,0,2,2,0,0,0,1,0,0,0,0,0,0,1,0,0,0,0,0,0,0,0,0,5
0,5,0,0,1,0,2,2,1,1,1,0,1,0,2,2,0,0,0,1,0,0,0,0,0,0,1,0,0,0,0,0,0,0,0,0,5
0,3,1,1,0,0,2,0,2,0,2,1,0,0,2,2,0,0,0,1,1,0,3,0,0,0,1,0,0,4,0,0,0,0,0,0,5
0,5,1,1,1,0,2,3,2,0,0,1,0,0,2,2,0,0,0,1,1,0,3,0,0,0,1,0,0,4,0,0,0,0,0,0,5
0,4,1,0,0,0,2,2,2,0,1,1,1,2,0,1,0,0,0,1,0,0,3,0,0,0,1,0,0,4,0,0,0,0,0,0,5
0,5,1,1,0,0,3,3,1,1,2,1,0,0,2,2,0,0,0,1,1,0,3,0,0,0,1,0,0,4,0,0,0,0,0,0,5
0,4,1,1,0,0,3,1,1,1,0,1,0,0,2,2,0,0,0,1,0,0,3,0,0,0,1,0,0,4,0,0,0,0,0,0,5
0,6,1,1,1,0,3,3,1,1,1,1,0,0,2,2,0,0,0,1,1,0,3,0,0,0,1,0,0,4,0,0,0,0,0,0,5
0,3,0,0,1,0,2,2,1,0,1,0,1,0,2,2,0,0,0,1,0,0,0,0,0,0,1,0,0,0,0,0,0,0,0,0,5
0,5,0,0,2,0,3,0,1,0,2,0,1,0,2,2,0,0,0,1,0,0,0,0,0,0,1,0,0,0,0,0,0,0,0,0,5
0,3,0,0,1,0,2,2,1,1,1,0,1,0,2,2,0,0,0,1,0,0,0,0,0,0,1,0,0,0,0,0,0,0,0,0,5
0,4,0,0,1,0,1,3,1,0,0,0,1,0,2,2,0,0,0,1,0,0,0,0,0,0,1,0,0,0,0,0,0,0,0,0,5
0,5,0,0,2,0,2,0,1,1,0,0,1,0,2,2,0,0,0,1,0,0,0,0,0,0,1,0,0,0,0,0,0,0,0,0,5
0,4,0,0,1,0,1,0,1,0,0,0,1,0,2,2,0,0,0,1,0,0,0,0,0,0,1,0,0,0,0,0,0,0,0,0,5
0,5,0,0,2,0,3,2,1,1,1,0,1,0,2,2,0,0,0,1,0,0,0,0,0,0,1,0,0,0,0,0,0,0,0,0,5
0,1,0,0,0,1,0,0,0,0,0,0,1,0,2,2,0,0,1,0,0,0,0,0,0,0,0,0,0,0,0,0,0,0,0,0,6
0,2,0,1,1,1,1,1,1,1,1,0,1,0,2,2,0,0,1,0,0,0,0,0,0,0,0,0,0,0,0,0,0,0,0,0,6
0,3,0,2,0,1,2,2,0,0,2,0,1,0,2,2,0,0,1,0,0,0,0,0,0,0,0,0,0,0,0,0,0,0,0,0,6
0,4,0,0,1,1,3,3,1,0,0,0,1,0,2,2,0,0,1,0,0,0,0,0,0,0,0,0,0,0,0,0,0,0,0,0,6
0,5,0,1,0,1,0,0,0,0,1,0,1,0,2,2,0,0,1,0,0,0,0,0,0,0,0,0,0,0,0,0,0,0,0,0,6
0,4,0,1,0,1,2,2,0,1,0,0,1,0,2,2,0,0,1,0,0,0,0,0,0,0,0,0,0,0,0,0,0,0,0,0,6
0,3,1,0,1,0,3,3,1,1,2,0,1,0,2,2,0,0,1,0,0,0,0,0,0,0,0,0,0,0,0,0,0,0,0,0,6
0,4,1,1,0,0,0,0,0,2,0,0,1,0,2,2,0,0,1,0,0,0,0,0,0,0,0,0,0,0,0,0,0,0,0,0,6
0,2,1,1,0,0,0,0,0,0,1,0,1,0,2,2,0,0,1,0,0,0,0,0,0,0,0,0,0,0,0,0,0,0,0,0,6
0,5,1,0,1,0,3,3,1,0,1,0,1,0,2,2,0,0,1,0,0,0,0,0,0,0,0,0,0,0,0,0,0,0,0,0,6
0,3,0,2,0,1,2,2,1,0,1,0,1,1,0,1,0,0,2,0,0,0,0,0,0,0,0,0,0,0,1,1,0,0,0,0,7
0,4,0,2,1,1,3,3,1,1,2,0,1,2,0,1,0,1,2,0,0,0,0,0,0,0,0,0,0,0,1,1,0,0,0,0,7
0,5,0,2,1,1,1,0,1,0,1,0,1,1,0,1,0,0,2,0,0,0,0,0,0,0,0,0,0,0,1,1,0,0,0,0,7
0,2,0,2,0,1,0,3,1,1,2,0,1,2,0,1,0,0,2,0,0,0,0,0,0,0,0,0,0,0,1,1,0,0,0,0,7
0,3,0,2,1,1,1,0,1,0,1,0,1,2,0,1,0,1,2,0,0,0,0,0,0,0,0,0,0,0,1,1,0,0,0,0,7
0,6,1,2,0,0,1,3,0,1,2,0,1,2,0,1,0,1,2,0,0,0,0,0,0,0,0,0,0,0,1,1,0,0,0,0,7
0,3,1,2,2,0,3,1,1,1,2,0,1,1,0,1,0,0,2,0,0,0,0,0,0,0,0,0,0,0,1,1,0,0,0,0,7
0,5,1,2,1,0,2,3,0,1,2,0,1,1,0,1,0,0,2,0,0,0,0,0,0,0,0,0,0,0,1,1,0,0,0,0,7
0,3,1,2,1,0,1,1,0,1,2,0,1,2,0,1,0,0,2,0,0,0,0,0,0,0,0,0,0,0,1,1,0,0,0,0,7
0,5,1,2,0,0,3,3,0,1,2,0,1,2,0,1,0,0,2,0,0,0,0,0,0,0,0,0,0,0,1,1,0,0,0,0,7
0,1,1,2,1,0,3,2,1,0,2,0,1,2,0,1,0,0,0,1,0,3,1,1,0,0,0,0,0,0,0,0,0,0,0,0,8
0,2,0,2,1,0,1,1,1,0,0,0,1,2,0,1,1,0,0,0,0,0,0,0,0,0,0,0,0,0,0,0,0,0,0,0,8
0,3,0,2,1,0,2,3,1,0,1,0,1,2,0,1,0,0,0,0,0,0,0,0,0,0,0,0,0,0,0,0,0,0,0,0,8
0,2,1,2,1,0,3,3,1,0,2,0,1,2,0,1,1,0,0,0,0,0,0,0,0,0,0,0,0,0,0,0,0,0,0,0,8
0,2,0,2,1,0,2,2,1,0,1,0,1,2,0,1,1,0,0,1,0,3,1,1,0,0,0,0,0,0,0,0,0,0,0,0,8
0,5,0,2,1,0,2,3,2,1,1,0,1,2,0,1,0,0,0,1,0,0,3,1,1,0,0,0,0,0,0,0,0,0,0,0,8
0,2,0,2,1,0,3,3,1,1,1,0,1,2,0,1,1,0,0,0,0,0,0,0,0,0,0,0,0,0,0,0,0,0,0,0,8
0,1,0,2,1,0,2,3,1,2,1,0,1,2,0,1,1,0,0,0,0,0,0,0,0,0,0,0,0,0,0,0,0,0,0,0,8
0,2,1,1,1,1,2,2,1,1,2,1,1,2,0,1,0,0,0,0,0,0,0,0,0,0,0,0,0,0,0,0,0,0,0,0,8
0,3,1,2,2,1,1,1,0,2,1,0,1,2,0,1,0,0,0,1,0,3,1,0,0,0,0,0,1,2,0,0,0,0,0,0,8
0,0,0,1,1,0,0,0,0,0,0,0,1,2,0,1,0,0,0,0,0,0,0,0,0,0,0,0,0,0,0,0,0,0,0,0,8
0,1,0,2,2,0,1,1,0,1,1,1,1,2,0,1,0,0,0,0,0,0,0,0,0,0,0,0,0,0,0,0,0,0,0,0,8
0,2,0,1,1,0,2,2,1,2,2,0,1,2,0,1,0,0,0,0,0,0,0,0,0,0,0,0,0,0,0,0,0,0,0,0,8
0,3,0,2,2,0,3,3,0,0,1,1,1,2,0,1,0,0,0,1,0,3,1,0,0,0,0,0,0,1,0,0,0,0,0,0,8
0,4,0,1,1,0,1,0,1,1,2,0,1,2,0,1,0,0,0,1,0,3,1,1,0,0,0,0,1,2,0,0,0,0,0,0,8
0,0,0,2,2,0,2,1,1,2,1,1,1,2,0,1,0,0,0,0,0,0,0,0,0,0,0,0,0,0,0,0,0,0,0,0,8
0,1,0,1,1,0,3,2,0,0,2,0,1,2,0,1,0,0,0,0,0,0,0,0,0,0,0,0,0,0,0,0,0,0,0,0,8
0,2,0,2,2,0,1,3,0,1,1,0,1,2,0,1,0,0,0,0,0,0,0,0,0,0,0,0,0,0,0,0,0,0,0,0,8
0,0,0,1,1,0,2,0,0,2,2,1,1,2,0,1,0,0,0,0,0,0,0,0,0,0,0,0,0,0,0,0,0,0,0,0,8
0,1,1,2,2,1,3,1,0,0,1,0,1,2,0,1,0,0,0,0,0,0,0,0,0,0,0,0,0,0,0,0,0,0,0,0,8
0,1,0,2,1,0,1,1,1,0,0,0,1,2,0,1,0,0,0,0,0,0,0,0,0,0,0,0,0,0,0,0,0,0,0,0,8
0,2,0,2,1,0,2,2,1,0,1,0,1,2,0,1,1,0,0,0,0,0,0,0,0,0,0,0,0,0,0,0,0,0,0,0,8
0,3,1,2,1,0,3,3,1,0,2,0,1,2,0,1,0,0,0,1,0,3,1,1,0,0,0,0,0,0,0,0,0,0,0,0,8
0,4,0,2,1,0,2,1,1,0,0,0,1,2,0,1,1,0,0,1,0,3,1,1,0,0,0,0,0,0,0,0,0,0,0,0,8
0,5,0,2,1,0,3,2,1,0,1,0,1,2,0,1,0,0,0,1,0,3,1,1,0,0,0,0,0,0,0,0,0,0,0,0,8
0,1,1,2,1,0,2,3,1,0,2,0,1,2,0,1,1,0,0,0,0,0,0,0,0,0,0,0,0,0,0,0,0,0,0,0,8
0,2,0,2,1,0,3,3,1,0,0,0,1,2,0,1,1,0,0,0,0,0,0,0,0,0,0,0,0,0,0,0,0,0,0,0,8
0,3,0,2,1,0,2,3,1,0,1,0,1,2,0,1,0,0,0,1,0,3,1,1,0,0,0,0,0,0,0,0,0,0,0,0,8
0,1,1,2,1,0,3,3,1,0,2,0,1,2,0,1,1,0,0,0,0,0,0,0,0,0,0,0,0,0,0,0,0,0,0,0,8
0,2,0,2,1,0,1,1,1,0,0,0,1,2,0,1,1,0,0,0,0,0,0,0,0,0,0,0,0,0,0,0,0,0,0,0,8
0,3,0,2,1,0,2,2,1,0,1,0,1,2,0,1,0,0,0,1,0,3,1,1,0,0,0,0,0,0,0,0,0,0,0,0,8
0,1,1,2,1,0,3,3,1,0,2,0,1,2,0,1,1,0,0,0,0,0,0,0,0,0,0,0,0,0,0,0,0,0,0,0,8
0,2,0,2,1,0,2,3,1,0,0,0,1,2,0,1,1,0,0,0,0,0,0,0,0,0,0,0,0,0,0,0,0,0,0,0,8
0,3,0,2,1,0,3,3,1,0,1,0,1,2,0,1,1,0,0,1,0,3,1,1,0,0,0,0,0,0,0,0,0,0,0,0,8
0,1,1,2,1,0,2,1,1,0,2,0,1,2,0,1,1,0,0,0,0,0,0,0,0,0,0,0,0,0,0,0,0,0,0,0,8
0,2,0,2,1,0,3,2,1,0,0,0,1,2,0,1,1,0,0,0,0,0,0,0,0,0,0,0,0,0,0,0,0,0,0,0,8
0,3,0,2,1,0,2,3,1,0,1,0,1,2,0,1,0,0,0,1,0,3,1,1,0,0,0,0,0,0,0,0,0,0,0,0,8
0,4,1,2,1,0,3,1,1,0,2,0,1,2,0,1,0,0,0,1,0,3,1,1,0,0,0,0,0,0,0,0,0,0,0,0,8
0,5,0,2,1,0,1,2,1,0,0,0,1,2,0,1,0,0,0,1,0,3,1,1,0,0,0,0,0,0,0,0,0,0,0,0,8
0,1,0,2,1,0,2,3,1,0,1,0,1,2,0,1,1,0,0,0,0,0,0,0,0,0,0,0,0,0,0,0,0,0,0,0,8
0,2,1,2,1,0,3,3,1,0,2,0,1,2,0,1,1,0,0,0,0,0,0,0,0,0,0,0,0,0,0,0,0,0,0,0,8
0,3,0,2,1,0,2,1,1,0,0,0,1,2,0,1,0,0,0,1,0,3,1,1,0,0,0,0,0,0,0,0,0,0,0,0,8
0,4,0,2,1,0,3,3,1,0,1,0,1,2,0,1,0,0,0,1,0,3,1,1,0,0,0,0,0,0,0,0,0,0,0,0,8
0,5,1,2,1,0,3,3,1,0,2,0,1,2,0,1,0,0,0,1,0,3,1,1,0,0,0,0,0,0,0,0,0,0,0,0,8
0,1,0,2,1,0,1,1,1,0,0,0,1,2,0,1,0,0,0,0,0,0,0,0,0,0,0,0,0,0,0,0,0,0,0,0,8
0,2,0,2,1,0,2,2,1,0,1,0,1,2,0,1,0,0,0,0,0,0,0,0,0,0,0,0,0,0,0,0,0,0,0,0,8
0,3,1,2,1,0,3,3,1,0,2,0,1,2,0,1,1,0,0,1,0,3,1,1,0,0,0,0,0,0,0,0,0,0,0,0,8
0,1,0,2,1,0,1,1,1,0,0,0,1,2,0,1,1,0,0,1,0,3,1,1,0,0,0,0,0,0,0,0,0,0,0,0,8
0,2,0,2,1,0,2,2,1,0,1,0,1,2,0,1,1,0,0,1,0,3,1,1,0,0,0,0,0,0,0,0,0,0,0,0,8
0,3,1,2,1,0,3,3,1,0,2,0,1,2,0,1,1,0,0,1,0,3,1,1,0,0,0,0,0,0,0,0,0,0,0,0,8
0,1,0,2,1,0,1,3,1,0,0,0,1,2,0,1,1,0,0,1,0,3,1,1,0,0,0,0,0,0,0,0,0,0,0,0,8
0,2,0,2,1,0,2,2,1,0,1,0,1,2,0,1,1,0,0,1,0,3,1,1,0,0,0,0,0,0,0,0,0,0,0,0,8
0,3,0,2,1,1,1,1,1,1,1,0,1,2,0,0,1,0,0,0,0,0,0,0,0,0,0,0,0,0,0,0,0,0,0,0,9
0,4,1,1,1,0,2,2,0,0,2,0,1,1,0,0,1,0,0,0,0,0,0,0,0,0,0,0,0,0,0,0,0,0,0,0,9
0,2,1,1,1,0,1,0,0,0,2,0,1,1,0,0,0,0,0,0,0,0,0,0,0,0,0,0,0,0,0,0,0,0,0,0,9
0,4,0,1,2,0,3,2,0,0,1,0,1,1,0,0,1,0,0,0,0,0,0,0,0,0,0,0,0,0,0,0,0,0,0,0,9
0,5,1,2,1,1,1,3,1,1,2,1,1,2,0,0,1,0,0,0,0,0,0,0,0,0,0,0,0,0,0,0,0,0,0,0,9
0,3,0,1,1,0,2,0,0,0,0,1,1,1,0,0,1,0,0,0,0,0,0,0,0,0,0,0,0,0,0,0,0,0,0,0,9
0,4,0,2,1,1,3,1,1,1,1,0,1,2,0,0,0,1,0,0,0,0,0,0,0,0,0,0,0,0,0,0,0,0,0,0,9
0,3,0,2,1,1,1,2,1,1,1,1,1,2,0,0,1,0,0,0,0,0,0,0,0,0,0,0,0,0,0,0,0,0,0,0,9
0,4,1,1,1,0,2,3,0,0,2,0,1,1,0,0,1,0,0,0,0,0,0,0,0,0,0,0,0,0,0,0,0,0,0,0,9
0,5,0,2,1,1,3,0,1,1,1,1,1,2,0,0,1,0,0,0,0,0,0,0,0,0,0,0,0,0,0,0,0,0,0,0,9
0,3,0,1,0,1,3,3,0,0,1,0,1,1,1,0,0,0,0,0,0,0,0,0,0,0,0,0,0,0,1,1,1,0,0,0,10
0,1,1,1,1,0,1,0,0,1,2,0,1,1,1,0,1,0,0,0,0,0,0,0,0,0,0,0,0,0,0,0,0,1,0,1,10
0,2,0,1,2,1,2,1,0,0,1,0,1,2,1,0,1,0,0,0,0,0,0,0,0,0,0,0,0,0,1,1,1,0,0,0,10
0,3,1,1,1,0,3,2,0,0,2,0,1,2,0,0,0,0,0,0,0,0,0,0,0,0,0,0,0,0,0,0,0,0,0,1,10
0,2,0,2,1,1,3,1,1,1,1,0,1,1,1,0,1,0,0,0,0,0,0,0,0,0,0,0,0,0,1,1,1,0,0,0,10
0,2,0,2,1,1,1,3,1,0,1,0,1,1,1,0,1,0,0,0,0,0,0,0,0,0,0,0,0,0,1,1,1,0,0,0,10
0,1,0,1,1,1,3,1,0,1,1,0,1,1,0,0,1,0,0,0,0,0,0,0,0,0,0,0,0,0,1,1,1,1,0,0,10
0,2,1,2,2,0,1,2,1,1,2,0,1,1,1,0,1,0,0,0,0,0,0,0,0,0,0,0,0,0,0,0,0,0,0,1,10
0,5,0,1,2,1,0,1,0,0,1,1,1,1,1,0,0,1,0,0,0,0,0,0,0,0,0,0,0,0,1,1,1,0,0,0,10
0,2,1,2,0,0,1,2,1,0,2,0,1,1,1,0,1,1,0,0,0,0,0,0,0,0,0,0,0,0,0,0,0,0,0,1,10
0,5,0,2,2,1,2,2,0,0,1,0,1,2,0,0,0,0,0,0,1,0,3,0,0,0,0,0,1,1,1,0,1,0,0,0,11
0,6,0,2,0,1,3,3,0,1,2,0,1,2,0,0,0,0,0,1,0,0,3,0,0,0,0,0,1,1,1,0,1,0,0,0,11
0,5,0,2,2,1,1,1,0,1,2,0,1,2,0,0,0,0,0,0,0,0,3,0,0,0,0,0,1,1,1,0,1,0,0,0,11
0,4,0,2,2,1,0,0,0,0,2,0,1,2,0,0,0,0,0,0,1,0,3,0,0,0,0,0,1,1,1,0,1,0,0,0,11
0,5,0,2,0,0,1,1,0,0,1,0,1,2,0,0,0,0,0,1,0,0,3,0,0,0,0,0,1,1,1,0,1,0,0,0,11
0,6,0,2,1,0,2,2,0,0,2,0,0,0,2,2,0,0,0,1,0,0,3,0,0,0,0,0,1,1,1,0,1,0,0,0,11
0,3,0,2,2,0,3,3,0,0,1,0,0,0,2,2,0,0,0,0,0,0,3,0,0,0,0,0,0,0,1,0,1,0,0,0,11
0,3,0,2,0,0,3,3,0,0,2,0,0,0,2,2,0,0,0,0,0,0,3,0,0,0,0,0,0,0,1,0,1,0,0,0,11
0,5,0,2,2,0,1,1,0,1,2,0,0,0,2,2,0,0,0,0,0,0,3,0,0,0,0,0,0,0,1,0,1,0,0,0,11
0,6,0,2,1,0,3,3,0,1,2,0,1,2,0,0,0,0,0,1,0,0,3,0,0,0,0,0,1,1,1,0,1,0,0,0,11
0,0,0,2,1,0,0,0,0,0,0,0,1,0,2,2,0,0,0,1,0,2,1,0,1,0,0,0,0,0,1,0,1,1,1,0,12
0,2,0,2,1,0,2,2,0,2,2,1,1,0,2,2,0,0,0,1,0,3,1,0,1,0,0,0,0,0,1,0,1,1,1,0,12
0,4,0,2,1,0,0,0,0,1,1,0,1,0,2,2,0,0,0,1,0,3,1,1,1,0,0,0,1,2,1,1,0,1,1,0,12
0,1,0,2,1,0,0,0,0,2,1,1,1,0,2,2,0,0,0,1,0,2,1,0,1,0,0,0,0,0,1,0,1,0,1,0,12
0,4,1,2,2,1,1,1,1,0,0,0,1,0,2,2,0,0,0,1,1,3,2,1,1,0,0,0,1,2,1,1,0,1,0,0,12
0,6,0,2,1,0,3,3,1,0,1,0,0,0,2,2,0,0,0,1,0,3,2,1,0,0,0,0,1,2,1,1,0,1,1,0,12
0,6,1,2,1,0,1,1,1,1,0,0,0,0,2,2,0,0,0,1,0,3,2,1,0,0,0,0,1,2,1,1,0,1,1,0,12
0,6,1,2,1,0,3,3,1,0,0,0,0,0,2,2,0,0,0,1,0,3,2,1,0,0,0,0,1,2,1,1,0,1,1,0,12
0,5,1,2,1,0,2,2,1,0,2,0,0,0,2,2,0,0,0,1,0,3,2,1,0,0,0,0,1,2,1,1,0,1,1,0,12
0,5,0,2,1,0,3,3,1,1,0,0,0,0,2,2,0,0,0,1,0,3,2,1,0,0,0,0,1,2,1,1,0,1,1,0,12
0,4,0,2,1,0,2,2,1,1,2,0,0,0,2,2,0,0,0,1,0,3,2,0,0,0,0,0,1,2,0,0,0,0,0,0,12
0,3,1,2,2,1,1,1,0,1,2,1,1,0,2,2,0,0,0,1,1,3,2,1,1,0,0,0,1,2,0,0,0,0,0,0,12
0,4,1,2,2,1,1,1,0,1,0,1,1,0,2,2,0,0,0,1,1,3,2,1,1,0,0,0,1,2,0,0,0,0,0,0,12
0,5,1,2,2,1,2,2,1,0,1,0,1,0,2,2,0,0,0,1,0,3,1,1,1,0,0,0,1,2,0,0,0,0,0,0,12
0,6,1,2,2,1,3,3,0,1,2,0,1,0,2,2,0,0,0,1,0,3,2,1,1,0,0,0,1,2,0,0,0,0,0,0,12
0,4,0,2,1,0,1,1,2,0,0,0,0,0,2,2,0,0,0,1,0,3,2,0,0,0,0,0,1,2,0,0,0,0,0,0,12
0,5,1,2,1,0,2,2,1,1,1,0,0,0,2,2,0,0,0,1,0,3,2,1,0,0,0,0,1,2,1,1,0,1,1,0,12
0,6,0,2,1,0,3,3,1,0,0,0,0,0,2,2,0,0,0,1,0,3,2,1,0,0,0,0,1,2,1,1,0,1,1,0,12
0,4,1,2,1,0,1,1,2,1,1,0,0,0,2,2,0,0,0,1,0,3,2,0,0,0,0,0,1,2,0,0,0,0,0,0,12
0,5,0,2,1,0,2,2,1,0,0,0,0,0,2,2,0,0,0,1,0,3,2,1,0,0,0,0,1,2,1,1,0,1,1,0,12
0,6,1,2,1,0,3,3,1,1,1,0,0,0,2,2,0,0,0,1,0,3,2,1,0,0,0,0,1,2,1,1,0,1,1,0,12
0,5,0,2,1,0,3,3,1,0,0,0,0,0,2,2,0,0,0,1,0,3,2,1,0,0,0,0,1,2,0,0,0,0,0,0,12
0,5,1,2,1,0,1,1,1,1,1,0,0,0,2,2,0,0,0,1,0,3,2,0,0,0,0,0,1,2,0,0,0,0,0,0,12
0,5,0,2,1,0,1,1,1,0,1,0,0,0,2,2,0,0,0,1,0,3,2,1,0,0,0,0,1,2,0,0,0,0,0,0,12
0,1,0,0,1,1,0,0,1,0,0,0,1,2,0,1,0,1,0,0,0,0,0,0,0,0,0,0,0,0,0,0,0,0,0,0,13
0,3,0,0,1,1,2,3,0,0,2,1,1,2,0,1,0,1,0,0,0,0,0,0,0,0,0,0,0,0,0,0,0,0,0,0,13
0,1,1,1,1,0,2,3,1,0,2,0,1,2,0,1,0,0,0,0,0,0,0,0,0,0,0,0,0,0,0,0,0,0,0,0,13
0,2,1,1,1,0,2,0,1,0,2,0,1,2,0,1,0,0,0,0,0,0,0,0,0,0,0,0,0,0,0,0,0,0,0,0,13
0,2,0,0,2,1,1,2,0,1,1,0,1,2,0,1,1,0,0,0,0,0,0,0,0,0,0,0,0,0,0,0,0,0,0,0,13
0,2,0,0,2,1,1,3,0,0,2,0,1,2,0,1,1,0,0,0,0,0,0,0,0,0,0,0,0,0,0,0,0,0,0,0,13
0,3,1,1,2,0,1,0,0,0,0,1,1,2,0,1,1,1,0,0,0,0,0,0,0,0,0,0,0,0,0,0,0,0,0,0,13
0,4,1,1,2,0,1,2,0,1,1,1,1,2,0,1,1,1,0,0,0,0,0,0,0,0,0,0,0,0,0,0,0,0,0,0,13
0,2,1,1,2,0,3,0,0,1,1,0,1,2,0,1,1,1,0,0,0,0,0,0,0,0,0,0,0,0,0,0,0,0,0,0,13
0,4,1,1,2,0,1,3,0,1,1,0,1,2,0,1,1,1,0,0,0,0,0,0,0,0,0,0,0,0,0,0,0,0,0,0,13
0,6,0,2,2,0,2,2,0,1,0,0,1,2,0,1,0,0,0,0,0,0,0,0,0,0,0,0,0,0,0,0,0,0,0,0,14
0,5,0,2,2,0,2,2,1,0,0,0,1,2,0,1,0,0,0,0,0,0,0,0,0,0,0,0,0,0,0,0,0,0,0,0,14
0,6,1,2,2,0,2,3,1,1,2,0,1,2,0,1,0,0,0,0,0,0,0,0,0,0,0,0,0,0,0,0,0,0,0,0,14
0,5,1,2,1,0,2,2,0,0,2,0,1,2,0,1,0,0,0,0,0,0,0,0,0,0,0,0,0,0,0,0,0,0,0,0,14
0,6,0,2,1,0,3,3,0,1,0,0,1,2,0,1,0,0,0,0,0,0,0,0,0,0,0,0,0,0,0,0,0,0,0,0,14
0,5,0,2,1,0,2,2,0,0,0,0,1,2,0,1,1,0,0,0,0,0,0,0,0,0,0,0,0,0,0,0,0,0,0,0,14
0,6,0,2,1,0,3,3,0,1,1,0,1,2,0,1,1,0,0,0,0,0,0,0,0,0,0,0,0,0,0,0,0,0,0,0,14
0,5,0,2,1,0,3,0,0,1,1,0,1,2,0,1,1,0,0,0,0,0,0,0,0,0,0,0,0,0,0,0,0,0,0,0,14
0,5,1,2,1,1,0,0,1,1,1,0,1,2,0,1,0,0,0,0,0,0,0,0,0,0,0,0,0,0,1,0,1,0,0,0,14
0,5,1,2,1,1,1,1,1,1,1,0,1,2,0,1,0,0,0,0,0,0,0,0,0,0,0,0,0,0,0,0,0,0,0,0,14
0,4,0,2,1,1,0,0,1,0,0,0,1,2,0,1,0,0,0,0,0,0,0,0,0,0,0,0,0,0,1,0,1,0,0,0,14
0,6,1,1,2,1,1,1,0,2,2,0,1,2,0,1,0,0,0,0,0,0,0,0,0,0,0,0,0,0,0,0,0,0,0,0,14
0,4,1,2,1,0,2,2,0,0,0,0,1,2,0,1,0,0,0,0,0,0,0,0,0,0,0,0,0,0,1,0,0,0,0,0,14
0,6,0,1,1,1,0,0,0,2,2,0,1,2,0,1,0,0,0,0,0,0,0,0,0,0,0,0,0,0,1,0,1,0,0,0,14
0,5,0,2,1,1,2,2,1,1,1,0,1,2,0,1,0,0,0,0,0,0,0,0,0,0,0,0,0,0,1,0,1,0,0,0,14
0,6,0,1,2,1,3,3,0,2,0,0,1,2,0,1,0,0,0,0,0,0,0,0,0,0,0,0,0,0,0,0,1,0,0,0,14
0,4,1,2,2,0,0,0,0,0,2,0,1,2,0,1,0,0,0,0,0,0,0,0,0,0,0,0,0,0,1,0,1,0,0,0,14
0,5,1,1,2,1,0,0,1,1,2,0,1,2,0,1,0,0,0,0,0,0,0,0,0,0,0,0,0,0,1,0,1,0,0,0,14
0,6,0,2,1,0,1,1,0,2,0,0,1,2,0,1,0,0,0,0,0,0,0,0,0,0,0,0,0,0,0,0,0,0,0,0,14
0,5,1,1,2,1,2,2,0,0,0,0,1,2,0,1,0,0,0,0,0,0,0,0,0,0,0,0,0,0,1,0,1,0,0,0,14
0,4,0,2,1,0,1,0,1,0,0,0,1,2,0,1,0,0,0,0,0,0,0,0,0,0,0,0,0,0,0,0,0,0,0,0,14
0,5,0,2,2,0,2,1,1,1,1,0,1,2,0,1,0,0,0,0,0,0,0,0,0,0,0,0,0,0,0,0,0,0,0,0,14
0,6,1,2,2,0,3,2,0,0,2,0,1,2,0,1,0,0,0,0,0,0,0,0,0,0,0,0,0,0,0,0,0,0,0,0,14
0,5,0,2,2,0,1,3,0,1,0,0,1,2,0,1,0,0,0,0,0,0,0,0,0,0,0,0,0,0,0,0,0,0,0,0,14
0,5,0,2,2,0,2,0,1,0,1,0,1,2,0,1,0,0,0,0,0,0,0,0,0,0,0,0,0,0,0,0,0,0,0,0,14
0,5,1,2,2,0,3,1,0,1,2,0,1,2,0,1,0,0,0,0,0,0,0,0,0,0,0,0,0,0,0,0,0,0,0,0,14
0,5,0,2,2,0,2,3,0,1,1,0,1,2,0,1,0,0,0,0,0,0,0,0,0,0,0,0,0,0,0,0,0,0,0,0,14
0,5,1,2,2,0,3,0,1,0,2,0,1,2,0,1,0,0,0,0,0,0,0,0,0,0,0,0,0,0,0,0,0,0,0,0,14
0,5,0,2,2,0,1,1,0,1,0,0,1,2,0,1,0,0,0,0,0,0,0,0,0,0,0,0,0,0,0,0,0,0,0,0,14
0,4,0,2,1,0,2,2,1,0,1,0,1,2,0,1,0,0,0,0,0,0,0,0,0,0,0,0,0,0,0,0,0,0,0,0,14
0,5,1,2,2,0,3,3,0,1,2,0,1,2,0,1,0,0,0,0,0,0,0,0,0,0,0,0,0,0,0,0,0,0,0,0,14
0,6,0,2,2,0,1,0,0,0,0,0,1,2,0,1,0,0,0,0,0,0,0,0,0,0,0,0,0,0,0,0,0,0,0,0,14
0,3,0,2,1,0,2,1,1,1,1,0,1,2,0,1,0,0,0,0,0,0,0,0,0,0,0,0,0,0,0,0,0,0,0,0,14
0,4,1,2,1,0,3,2,1,0,2,0,1,2,0,1,0,0,0,0,0,0,0,0,0,0,0,0,0,0,0,0,0,0,0,0,14
0,5,0,2,2,0,1,3,1,1,0,0,1,2,0,1,0,0,0,0,0,0,0,0,0,0,0,0,0,0,0,0,0,0,0,0,14
0,6,0,2,2,0,2,0,0,0,1,0,1,2,0,1,0,0,0,0,0,0,0,0,0,0,0,0,0,0,0,0,0,0,0,0,14
0,4,1,2,1,0,3,1,1,1,2,0,1,2,0,1,0,0,0,0,0,0,0,0,0,0,0,0,0,0,0,0,0,0,0,0,14
0,4,0,2,1,0,1,2,1,0,0,0,1,2,0,1,0,0,0,0,0,0,0,0,0,0,0,0,0,0,0,0,0,0,0,0,14
0,5,0,2,2,0,2,3,0,1,1,0,1,2,0,1,0,0,0,0,0,0,0,0,0,0,0,0,0,0,0,0,0,0,0,0,14
0,5,1,2,2,0,3,0,0,0,2,0,1,2,0,1,0,0,0,0,0,0,0,0,0,0,0,0,0,0,0,0,0,0,0,0,14
0,5,0,2,2,0,1,1,1,1,0,0,1,2,0,1,0,0,0,0,0,0,0,0,0,0,0,0,0,0,0,0,0,0,0,0,14
0,6,0,2,2,0,2,2,0,0,1,0,1,2,0,1,0,0,0,0,0,0,0,0,0,0,0,0,0,0,0,0,0,0,0,0,14
0,6,1,2,2,0,3,3,0,1,2,0,1,2,0,1,0,0,0,0,0,0,0,0,0,0,0,0,0,0,0,0,0,0,0,0,14
0,5,0,2,2,0,1,0,0,0,0,0,1,2,0,1,0,0,0,0,0,0,0,0,0,0,0,0,0,0,0,0,0,0,0,0,14
0,6,0,2,2,0,2,1,1,1,1,0,1,2,0,1,0,0,0,0,0,0,0,0,0,0,0,0,0,0,0,0,0,0,0,0,14
0,5,1,2,2,0,3,2,0,0,2,0,1,2,0,1,0,0,0,0,0,0,0,0,0,0,0,0,0,0,0,0,0,0,0,0,14
0,6,0,2,2,0,3,3,1,1,0,0,1,2,0,1,0,0,0,0,0,0,0,0,0,0,0,0,0,0,0,0,0,0,0,0,14
0,5,0,2,2,0,3,1,0,0,1,0,1,2,0,1,0,0,0,0,0,0,0,0,0,0,0,0,0,0,0,0,0,0,0,0,14
0,6,1,2,2,0,3,2,1,1,2,0,1,2,0,1,0,0,0,0,0,0,0,0,0,0,0,0,0,0,0,0,0,0,0,0,14
0,5,0,2,2,0,2,1,1,0,0,0,1,2,0,1,0,0,0,0,0,0,0,0,0,0,0,0,0,0,0,0,0,0,0,0,14
0,6,0,2,2,0,2,2,0,1,1,0,1,2,0,1,0,0,0,0,0,0,0,0,0,0,0,0,0,0,0,0,0,0,0,0,14
0,4,1,2,1,0,3,0,1,0,2,0,1,2,0,1,0,0,0,1,0,3,2,0,1,0,0,0,1,1,0,0,0,0,0,0,15
0,4,0,2,1,0,2,2,1,0,1,0,1,2,0,1,0,0,0,1,0,3,2,0,1,0,0,0,1,1,0,0,0,0,0,0,15
0,3,0,2,1,0,1,0,0,0,0,0,1,2,0,1,0,0,0,0,0,0,0,0,0,0,0,0,0,0,0,0,0,0,0,0,15
0,4,0,2,1,0,1,3,1,1,0,0,1,2,0,1,0,0,0,0,0,0,0,0,0,0,0,0,0,0,0,0,0,0,0,0,15
0,4,1,2,1,0,3,1,1,1,2,0,1,2,0,1,0,0,0,0,0,0,0,0,0,0,0,0,0,0,0,0,0,0,0,0,15
0,4,1,2,1,0,2,1,0,1,2,0,1,2,0,1,0,0,0,1,0,3,2,0,1,0,0,0,1,1,0,0,0,0,0,0,15
0,4,1,2,1,0,3,0,1,0,2,0,1,2,0,1,0,0,0,0,0,0,0,0,0,0,0,0,0,0,0,0,0,0,0,0,15
0,4,0,1,1,1,3,1,0,0,1,0,1,2,0,1,0,0,0,0,0,0,0,0,0,0,0,0,0,0,0,0,0,0,0,0,15
0,6,0,1,1,0,2,3,0,1,0,0,1,2,0,1,0,0,0,0,0,0,0,0,0,0,0,0,0,0,0,0,0,0,0,0,15
0,5,0,1,1,1,0,1,0,0,0,0,1,2,0,1,0,0,0,1,0,3,0,0,1,0,0,0,1,1,0,0,0,0,0,0,15
0,3,0,2,1,1,0,0,1,0,1,0,1,2,0,1,0,0,0,0,0,0,0,0,0,0,0,0,0,0,0,0,0,0,0,0,15
0,5,0,2,1,1,2,2,0,2,0,0,1,2,0,1,0,0,0,1,1,3,1,0,0,0,0,0,0,0,0,0,0,0,0,0,15
0,3,1,2,1,1,0,0,1,1,2,1,1,2,0,1,0,0,0,0,1,2,1,0,1,0,0,0,1,1,0,0,0,0,0,0,15
0,5,0,2,1,1,2,2,0,0,0,0,1,2,0,1,0,0,0,1,0,3,1,0,1,0,0,0,1,1,0,0,0,0,0,0,15
0,4,0,2,2,1,1,0,1,2,0,0,1,2,0,1,0,0,0,0,0,0,0,0,0,0,0,0,0,0,0,0,0,0,0,0,15
0,4,0,2,2,1,3,2,0,1,0,0,1,2,0,1,0,0,0,0,0,0,0,0,0,0,0,0,0,0,0,0,0,0,0,0,15
0,3,1,2,2,1,2,0,1,0,2,1,1,2,0,1,0,0,0,0,0,0,0,0,0,0,0,0,0,0,0,0,0,0,0,0,15
0,4,1,2,2,1,3,0,1,2,2,1,1,2,0,1,0,0,0,0,1,3,1,0,1,0,0,0,0,0,0,0,0,0,0,0,15
0,3,0,2,2,0,2,2,1,0,1,0,1,2,0,1,0,0,0,0,0,0,0,0,0,0,0,0,0,0,0,0,0,0,0,0,15
0,3,0,2,1,0,1,0,1,0,0,0,1,2,0,1,0,0,0,1,0,3,2,0,1,0,0,0,1,1,0,0,0,0,0,0,15
0,4,0,2,2,0,2,1,1,1,1,0,1,2,0,1,0,0,0,1,0,3,2,0,1,0,0,0,1,1,0,0,0,0,0,0,15
0,5,1,2,1,0,3,2,0,0,2,0,1,2,0,1,0,0,0,1,0,3,2,0,1,0,0,0,1,1,0,0,0,0,0,0,15
0,6,0,2,2,0,1,3,0,1,0,0,1,2,0,1,0,0,0,1,0,3,2,0,1,0,0,0,1,1,0,0,0,0,0,0,15
0,4,0,2,1,0,2,0,1,0,1,0,1,2,0,1,0,0,0,1,0,3,2,0,1,0,0,0,1,1,0,0,0,0,0,0,15
0,5,1,2,2,0,3,1,0,1,2,0,1,2,0,1,0,0,0,1,0,3,2,0,1,0,0,0,1,1,0,0,0,0,0,0,15
0,6,0,2,1,0,1,2,0,0,0,0,1,2,0,1,0,0,0,1,0,3,2,0,1,0,0,0,1,1,0,0,0,0,0,0,15
0,4,0,2,2,0,2,3,1,1,1,0,1,2,0,1,0,0,0,1,0,3,2,0,1,0,0,0,1,1,0,0,0,0,0,0,15
0,5,1,2,1,0,3,0,0,0,2,0,1,2,0,1,0,0,0,1,0,3,2,0,1,0,0,0,1,1,0,0,0,0,0,0,15
0,6,0,2,2,0,1,1,0,1,0,0,1,2,0,1,0,0,0,1,0,3,2,0,1,0,0,0,1,1,0,0,0,0,0,0,15
0,4,0,2,1,0,2,2,1,0,1,0,1,2,0,1,0,0,0,1,0,3,2,0,1,0,0,0,1,1,0,0,0,0,0,0,15
0,5,1,2,2,0,3,3,0,1,2,0,1,2,0,1,0,0,0,1,0,3,2,0,1,0,0,0,1,1,0,0,0,0,0,0,15
0,6,0,2,1,0,1,0,0,0,0,0,1,2,0,1,0,0,0,1,0,3,2,0,1,0,0,0,1,1,0,0,0,0,0,0,15
0,3,0,2,2,0,2,1,1,1,1,0,1,2,0,1,0,0,0,1,0,3,2,0,1,0,0,0,1,1,0,0,0,0,0,0,15
0,4,1,2,1,0,3,2,1,0,2,0,1,2,0,1,0,0,0,1,0,3,2,0,1,0,0,0,1,1,0,0,0,0,0,0,15
0,5,0,2,2,0,1,3,0,1,0,0,1,2,0,1,0,0,0,1,0,3,2,0,1,0,0,0,1,1,0,0,0,0,0,0,15
0,6,0,2,2,0,2,0,0,0,1,0,1,2,0,1,0,0,0,1,0,3,2,0,1,0,0,0,1,1,0,0,0,0,0,0,15
0,3,1,2,1,0,3,1,1,1,2,0,1,2,0,1,0,0,0,1,0,3,2,0,1,0,0,0,1,1,0,0,0,0,0,0,15
0,4,0,2,1,0,1,2,1,0,0,0,1,2,0,1,0,0,0,1,0,3,2,0,1,0,0,0,1,1,0,0,0,0,0,0,15
0,5,0,2,1,0,2,3,0,1,1,0,1,2,0,1,0,0,0,1,0,3,2,0,1,0,0,0,1,1,0,0,0,0,0,0,15
0,6,1,2,2,0,3,0,0,0,2,0,1,2,0,1,0,0,0,1,0,3,2,0,1,0,0,0,1,1,0,0,0,0,0,0,15
0,3,0,2,1,0,1,1,1,1,0,0,1,2,0,1,0,0,0,1,0,3,2,0,1,0,0,0,1,1,0,0,0,0,0,0,15
0,4,0,2,1,0,2,2,1,0,1,0,1,2,0,1,0,0,0,1,0,3,2,0,1,0,0,0,1,1,0,0,0,0,0,0,15
0,5,1,2,2,0,3,3,0,1,2,0,1,2,0,1,0,0,0,1,0,3,2,0,1,0,0,0,1,1,0,0,0,0,0,0,15
0,4,0,2,1,0,1,0,1,0,0,0,1,2,0,1,0,0,0,1,0,3,2,0,1,0,0,0,1,1,0,0,0,0,0,0,15
0,5,0,2,2,0,2,1,0,1,1,0,1,2,0,1,0,0,0,1,0,3,2,0,1,0,0,0,1,1,0,0,0,0,0,0,15
0,6,1,2,1,0,3,2,0,0,2,0,1,2,0,1,0,0,0,1,0,3,2,0,1,0,0,0,1,1,0,0,0,0,0,0,15
0,4,0,2,2,0,1,3,1,1,0,0,1,2,0,1,0,0,0,1,0,3,2,0,1,0,0,0,1,1,0,0,0,0,0,0,15
0,5,0,2,1,0,2,0,0,0,1,0,1,2,0,1,0,0,0,1,0,3,2,0,1,0,0,0,1,1,0,0,0,0,0,0,15
0,6,1,2,2,0,3,1,0,1,2,0,1,2,0,1,0,0,0,1,0,3,2,0,1,0,0,0,1,1,0,0,0,0,0,0,15
0,4,0,2,1,0,1,2,1,0,0,0,1,2,0,1,0,0,0,1,0,3,2,0,1,0,0,0,1,1,0,0,0,0,0,0,15
0,5,0,2,2,0,2,3,0,1,1,0,1,2,0,1,0,0,0,1,0,3,2,0,1,0,0,0,1,1,0,0,0,0,0,0,15
